,ID,initial_separation,mA,mB,spinA,spinB,q,e
0,SXS:BBH:0217,16.6,0.500002503577,0.500001389212,"[3.03245501684e-09, -4.19192995146e-09, -0.599969375919]","[-1.02795425003e-09, 4.46831562953e-09, 0.599983044885]",1.0000022287238077,0.0001926
