,ID,initial_separation,mA,mB,spinA,spinB,q,e
0,SXS:BBH:0217,16.6,0.500002503577,0.500001389212,"[3.03245501684e-09, -4.19192995146e-09, -0.599969375919]","[-1.02795425003e-09, 4.46831562953e-09, 0.599983044885]",1.0000022287238077,0.0001926
1,SXS:BBH:1356,18.8727390414399,0.500004433373,0.500004421885,"[-2.50644198612e-08, -1.30742334554e-08, 2.36026838281e-06]","[2.53098921792e-08, 1.33936083594e-08, 2.35052639765e-06]",1.0000000229757968,0.1974746
